source_file,sheet,row_index,trait,gene,snp,chr,pos,pvalue,score_raw,variety,evidence_text,candidate_gene,display_title,generic_label
GDR_rosaceae.org,Apple_quantitattive_traits_Jung_2022,82,sugar,Solublesolidscontent-across,AX-115208747,Chr05,34132408,2.5188410601698E-8,2.5188410601698E-8,Apple_quantitative_traits_Jung_534,"GDR GWAS: GWAS0004325. Trait: sugar content (category: sugar). Associated gene: MD05G1209800. GWAS marker: AX-115208747. Published symbol: Solublesolidscontent-across. P-value: 2.5188410601698E-8. R² (variance explained): 0.014025230629262%. Genomic location: Chr05:34132408..34132408. Reference genome: Malus x domestica GDDH13 v1.1 Whole Genome Assembly & Annotation. Population/GWAS panel: Apple_quantitative_traits_Jung_534. Dataset: Apple_quantitattive_traits_Jung_2022. Citation: Jung M, Keller B, Roth M, Aranzana MJ, Auwerkerken A, Guerra W, Al-Rifaï M, Lewandowski M, Sanin N, Rymenants M, Didelot M, Dujak C, Forcada CF, Knauf A, Laurens F, Studer B, Muranty H, Patocchi A. Genetic architecture and genomic predictive ability of apple quantitative traits across environments, ...",MD05G1209800,MD05G1209800 (Solublesolidscontent-across),1
GDR_rosaceae.org,Apple_quantitattive_traits_Jung_2022,19124,sugar,Solublesolidscontent-CHE,AX-115322641,Chr05,46842414,5.1713356794082E-8,5.1713356794082E-8,Apple_quantitative_traits_Jung_534,"GDR GWAS: GWAS0004432. Trait: sugar content (category: sugar). Associated gene: MD05G1351400. GWAS marker: AX-115322641. Published symbol: Solublesolidscontent-CHE. P-value: 5.1713356794082E-8. R² (variance explained): 0.051050919234462%. Genomic location: Chr05:46842414..46842414. Reference genome: Malus x domestica GDDH13 v1.1 Whole Genome Assembly & Annotation. Population/GWAS panel: Apple_quantitative_traits_Jung_534. Dataset: Apple_quantitattive_traits_Jung_2022. Citation: Jung M, Keller B, Roth M, Aranzana MJ, Auwerkerken A, Guerra W, Al-Rifaï M, Lewandowski M, Sanin N, Rymenants M, Didelot M, Dujak C, Forcada CF, Knauf A, Laurens F, Studer B, Muranty H, Patocchi A. Genetic architecture and genomic predictive ability of apple quantitative traits across environments, ...",MD05G1351400,MD05G1351400 (Solublesolidscontent-CHE),1
GDR_rosaceae.org,Apple_quantitattive_traits_Jung_2022,23019,sugar,Solublesolidscontent-ITA,AX-115495298,Chr04,29188324,7.6315836833828E-8,7.6315836833828E-8,Apple_quantitative_traits_Jung_534,"GDR GWAS: GWAS0004589. Trait: sugar content (category: sugar). Associated gene: MD04G1205900. GWAS marker: AX-115495298. Published symbol: Solublesolidscontent-ITA. P-value: 7.6315836833828E-8. R² (variance explained): 0.10614767431789%. Genomic location: Chr04:29188324..29188324. Reference genome: Malus x domestica GDDH13 v1.1 Whole Genome Assembly & Annotation. Population/GWAS panel: Apple_quantitative_traits_Jung_534. Dataset: Apple_quantitattive_traits_Jung_2022. Citation: Jung M, Keller B, Roth M, Aranzana MJ, Auwerkerken A, Guerra W, Al-Rifaï M, Lewandowski M, Sanin N, Rymenants M, Didelot M, Dujak C, Forcada CF, Knauf A, Laurens F, Studer B, Muranty H, Patocchi A. Genetic architecture and genomic predictive ability of apple quantitative traits across environments, ...",MD04G1205900,MD04G1205900 (Solublesolidscontent-ITA),1
GDR_rosaceae.org,Apple_quantitattive_traits_Jung_2022,19496,sugar,Solublesolidscontent-across,AX-115628299,Chr03,6160476,1.385856308453E-7,1.385856308453E-7,Apple_quantitative_traits_Jung_534,"GDR GWAS: GWAS0004322. Trait: sugar content (category: sugar). Associated gene: MD03G1076000. GWAS marker: AX-115628299. Published symbol: Solublesolidscontent-across. P-value: 1.385856308453E-7. R² (variance explained): 0.018770003997373%. Genomic location: Chr03:6160476..6160476. Reference genome: Malus x domestica GDDH13 v1.1 Whole Genome Assembly & Annotation. Population/GWAS panel: Apple_quantitative_traits_Jung_534. Dataset: Apple_quantitattive_traits_Jung_2022. Citation: Jung M, Keller B, Roth M, Aranzana MJ, Auwerkerken A, Guerra W, Al-Rifaï M, Lewandowski M, Sanin N, Rymenants M, Didelot M, Dujak C, Forcada CF, Knauf A, Laurens F, Studer B, Muranty H, Patocchi A. Genetic architecture and genomic predictive ability of apple quantitative traits across environments, ...",MD03G1076000,MD03G1076000 (Solublesolidscontent-across),1
GDR_rosaceae.org,Apple_fruit_quality_GWAS_Minamikawa_2024,24532,sugar,Brix,SNP_FB_0918592,Chr16,3186476,4.6593782096391,4.6593782096391,Apple_fruit_quality_GWAS_Minamikawa_184,"GDR GWAS: GWAS0008485. Trait: sugar content (category: sugar). Associated gene: LAR1. GWAS marker: SNP_FB_0918592. Published symbol: Brix. P-value: 4.6593782096391. Genomic location: Chr16:3186476..3186476. Reference genome: Malus x domestica GDDH13 v1.1 Whole Genome Assembly & Annotation. Population/GWAS panel: Apple_fruit_quality_GWAS_Minamikawa_184. Dataset: Apple_fruit_quality_GWAS_Minamikawa_2024. Citation: Minamikawa MF, Kunihisa M, Moriya S, Shimizu T, Inamori M, Iwata H, Genomic prediction and genome-wide association study using combined genotypic data from different genotyping systems: application to apple fruit quality traits, Horticulture Research, Volume 11, Issue 7, 2014 July 8, uhae131",LAR1,LAR1 (Brix),1
GDR_rosaceae.org,Apple_fruit_quality_GWAS_Minamikawa_2024,5792,sugar,Brix,SNP_FB_0918595,Chr16,3186825,4.6421321945603,4.6421321945603,Apple_fruit_quality_GWAS_Minamikawa_184,"GDR GWAS: GWAS0008486. Trait: sugar content (category: sugar). Associated gene: LAR1. GWAS marker: SNP_FB_0918595. Published symbol: Brix. P-value: 4.6421321945603. Genomic location: Chr16:3186825..3186825. Reference genome: Malus x domestica GDDH13 v1.1 Whole Genome Assembly & Annotation. Population/GWAS panel: Apple_fruit_quality_GWAS_Minamikawa_184. Dataset: Apple_fruit_quality_GWAS_Minamikawa_2024. Citation: Minamikawa MF, Kunihisa M, Moriya S, Shimizu T, Inamori M, Iwata H, Genomic prediction and genome-wide association study using combined genotypic data from different genotyping systems: application to apple fruit quality traits, Horticulture Research, Volume 11, Issue 7, 2014 July 8, uhae131",LAR1,LAR1 (Brix),1
GDR_rosaceae.org,Apple_fruit_quality_GWAS_Minamikawa_2024,1437,sugar,Brix,SNP_FB_0335535,Chr16,3160371,4.6302105790808,4.6302105790808,Apple_fruit_quality_GWAS_Minamikawa_184,"GDR GWAS: GWAS0008484. Trait: sugar content (category: sugar). Associated gene: MD16G1044700. GWAS marker: SNP_FB_0335535. Published symbol: Brix. P-value: 4.6302105790808. Genomic location: Chr16:3160371..3160371. Reference genome: Malus x domestica GDDH13 v1.1 Whole Genome Assembly & Annotation. Population/GWAS panel: Apple_fruit_quality_GWAS_Minamikawa_184. Dataset: Apple_fruit_quality_GWAS_Minamikawa_2024. Citation: Minamikawa MF, Kunihisa M, Moriya S, Shimizu T, Inamori M, Iwata H, Genomic prediction and genome-wide association study using combined genotypic data from different genotyping systems: application to apple fruit quality traits, Horticulture Research, Volume 11, Issue 7, 2014 July 8, uhae131",MD16G1044700,MD16G1044700 (Brix),1
GDR_rosaceae.org,Apple_fruit_quality_GWAS_Minamikawa_2024,18186,sugar,Brix,SNP_FB_0335535,Chr16,3160371,4.6302105790808,4.6302105790808,Apple_fruit_quality_GWAS_Minamikawa_184,"GDR GWAS: GWAS0008484. Trait: sugar content (category: sugar). Associated gene: LAR1. GWAS marker: SNP_FB_0335535. Published symbol: Brix. P-value: 4.6302105790808. Genomic location: Chr16:3160371..3160371. Reference genome: Malus x domestica GDDH13 v1.1 Whole Genome Assembly & Annotation. Population/GWAS panel: Apple_fruit_quality_GWAS_Minamikawa_184. Dataset: Apple_fruit_quality_GWAS_Minamikawa_2024. Citation: Minamikawa MF, Kunihisa M, Moriya S, Shimizu T, Inamori M, Iwata H, Genomic prediction and genome-wide association study using combined genotypic data from different genotyping systems: application to apple fruit quality traits, Horticulture Research, Volume 11, Issue 7, 2014 July 8, uhae131",LAR1,LAR1 (Brix),1
GDR_rosaceae.org,Apple_fruit_quality_GWAS_Minamikawa_2024,852,sugar,Brix,SNP_FB_1063136,Chr16,3205361,4.6211575864181,4.6211575864181,Apple_fruit_quality_GWAS_Minamikawa_184,"GDR GWAS: GWAS0008487. Trait: sugar content (category: sugar). Associated gene: LAR1. GWAS marker: SNP_FB_1063136. Published symbol: Brix. P-value: 4.6211575864181. Genomic location: Chr16:3205361..3205361. Reference genome: Malus x domestica GDDH13 v1.1 Whole Genome Assembly & Annotation. Population/GWAS panel: Apple_fruit_quality_GWAS_Minamikawa_184. Dataset: Apple_fruit_quality_GWAS_Minamikawa_2024. Citation: Minamikawa MF, Kunihisa M, Moriya S, Shimizu T, Inamori M, Iwata H, Genomic prediction and genome-wide association study using combined genotypic data from different genotyping systems: application to apple fruit quality traits, Horticulture Research, Volume 11, Issue 7, 2014 July 8, uhae131",LAR1,LAR1 (Brix),1
GDR_rosaceae.org,Apple_fruit_quality_GWAS_Minamikawa_2024,2298,sugar,Brix,SNP_FB_1063136,Chr13,3094276,4.6211575864181,4.6211575864181,Apple_fruit_quality_GWAS_Minamikawa_184,"GDR GWAS: GWAS0008487. Trait: sugar content (category: sugar). Associated gene: MD13G1044600. GWAS marker: SNP_FB_1063136. Published symbol: Brix. P-value: 4.6211575864181. Genomic location: Chr13:3094276..3094276. Reference genome: Malus x domestica GDDH13 v1.1 Whole Genome Assembly & Annotation. Population/GWAS panel: Apple_fruit_quality_GWAS_Minamikawa_184. Dataset: Apple_fruit_quality_GWAS_Minamikawa_2024. Citation: Minamikawa MF, Kunihisa M, Moriya S, Shimizu T, Inamori M, Iwata H, Genomic prediction and genome-wide association study using combined genotypic data from different genotyping systems: application to apple fruit quality traits, Horticulture Research, Volume 11, Issue 7, 2014 July 8, uhae131",MD13G1044600,MD13G1044600 (Brix),1
GDR_rosaceae.org,Apple_fruit_quality_GWAS_Minamikawa_2024,4015,sugar,Brix,SNP_FB_1063136,Chr13,3094276,4.6211575864181,4.6211575864181,Apple_fruit_quality_GWAS_Minamikawa_184,"GDR GWAS: GWAS0008487. Trait: sugar content (category: sugar). Associated gene: LAR1. GWAS marker: SNP_FB_1063136. Published symbol: Brix. P-value: 4.6211575864181. Genomic location: Chr13:3094276..3094276. Reference genome: Malus x domestica GDDH13 v1.1 Whole Genome Assembly & Annotation. Population/GWAS panel: Apple_fruit_quality_GWAS_Minamikawa_184. Dataset: Apple_fruit_quality_GWAS_Minamikawa_2024. Citation: Minamikawa MF, Kunihisa M, Moriya S, Shimizu T, Inamori M, Iwata H, Genomic prediction and genome-wide association study using combined genotypic data from different genotyping systems: application to apple fruit quality traits, Horticulture Research, Volume 11, Issue 7, 2014 July 8, uhae131",LAR1,LAR1 (Brix),1
GDR_rosaceae.org,Apple_fruit_quality_GWAS_Minamikawa_2024,6593,sugar,Brix,SNP_FB_1063136,Chr16,3205361,4.6211575864181,4.6211575864181,Apple_fruit_quality_GWAS_Minamikawa_184,"GDR GWAS: GWAS0008487. Trait: sugar content (category: sugar). Associated gene: MD16G1046000. GWAS marker: SNP_FB_1063136. Published symbol: Brix. P-value: 4.6211575864181. Genomic location: Chr16:3205361..3205361. Reference genome: Malus x domestica GDDH13 v1.1 Whole Genome Assembly & Annotation. Population/GWAS panel: Apple_fruit_quality_GWAS_Minamikawa_184. Dataset: Apple_fruit_quality_GWAS_Minamikawa_2024. Citation: Minamikawa MF, Kunihisa M, Moriya S, Shimizu T, Inamori M, Iwata H, Genomic prediction and genome-wide association study using combined genotypic data from different genotyping systems: application to apple fruit quality traits, Horticulture Research, Volume 11, Issue 7, 2014 July 8, uhae131",MD16G1046000,MD16G1046000 (Brix),1
GDR_rosaceae.org,Apple_fruit_quality_GWAS_Minamikawa_2024,9399,sugar,Brix,SNP_FB_1063136,Chr16,3205361,4.6211575864181,4.6211575864181,Apple_fruit_quality_GWAS_Minamikawa_184,"GDR GWAS: GWAS0008487. Trait: sugar content (category: sugar). Associated gene: MD13G1044600. GWAS marker: SNP_FB_1063136. Published symbol: Brix. P-value: 4.6211575864181. Genomic location: Chr16:3205361..3205361. Reference genome: Malus x domestica GDDH13 v1.1 Whole Genome Assembly & Annotation. Population/GWAS panel: Apple_fruit_quality_GWAS_Minamikawa_184. Dataset: Apple_fruit_quality_GWAS_Minamikawa_2024. Citation: Minamikawa MF, Kunihisa M, Moriya S, Shimizu T, Inamori M, Iwata H, Genomic prediction and genome-wide association study using combined genotypic data from different genotyping systems: application to apple fruit quality traits, Horticulture Research, Volume 11, Issue 7, 2014 July 8, uhae131",MD13G1044600,MD13G1044600 (Brix),1
GDR_rosaceae.org,Apple_fruit_quality_GWAS_Minamikawa_2024,37250,sugar,Brix,SNP_FB_1063136,Chr13,3094276,4.6211575864181,4.6211575864181,Apple_fruit_quality_GWAS_Minamikawa_184,"GDR GWAS: GWAS0008487. Trait: sugar content (category: sugar). Associated gene: MD16G1046000. GWAS marker: SNP_FB_1063136. Published symbol: Brix. P-value: 4.6211575864181. Genomic location: Chr13:3094276..3094276. Reference genome: Malus x domestica GDDH13 v1.1 Whole Genome Assembly & Annotation. Population/GWAS panel: Apple_fruit_quality_GWAS_Minamikawa_184. Dataset: Apple_fruit_quality_GWAS_Minamikawa_2024. Citation: Minamikawa MF, Kunihisa M, Moriya S, Shimizu T, Inamori M, Iwata H, Genomic prediction and genome-wide association study using combined genotypic data from different genotyping systems: application to apple fruit quality traits, Horticulture Research, Volume 11, Issue 7, 2014 July 8, uhae131",MD16G1046000,MD16G1046000 (Brix),1
GDR_rosaceae.org,Apple_fruit_quality_GWAS_Minamikawa_2024,10525,sugar,Brix,SNP_FB_0335525,Chr16,3157889,4.6042890693976,4.6042890693976,Apple_fruit_quality_GWAS_Minamikawa_184,"GDR GWAS: GWAS0008483. Trait: sugar content (category: sugar). Associated gene: MD16G1044600. GWAS marker: SNP_FB_0335525. Published symbol: Brix. P-value: 4.6042890693976. Genomic location: Chr16:3157889..3157889. Reference genome: Malus x domestica GDDH13 v1.1 Whole Genome Assembly & Annotation. Population/GWAS panel: Apple_fruit_quality_GWAS_Minamikawa_184. Dataset: Apple_fruit_quality_GWAS_Minamikawa_2024. Citation: Minamikawa MF, Kunihisa M, Moriya S, Shimizu T, Inamori M, Iwata H, Genomic prediction and genome-wide association study using combined genotypic data from different genotyping systems: application to apple fruit quality traits, Horticulture Research, Volume 11, Issue 7, 2014 July 8, uhae131",MD16G1044600,MD16G1044600 (Brix),1
GDR_rosaceae.org,Apple_fruit_quality_GWAS_Minamikawa_2024,45348,sugar,Brix,SNP_FB_0335525,Chr16,3157889,4.6042890693976,4.6042890693976,Apple_fruit_quality_GWAS_Minamikawa_184,"GDR GWAS: GWAS0008483. Trait: sugar content (category: sugar). Associated gene: LAR1. GWAS marker: SNP_FB_0335525. Published symbol: Brix. P-value: 4.6042890693976. Genomic location: Chr16:3157889..3157889. Reference genome: Malus x domestica GDDH13 v1.1 Whole Genome Assembly & Annotation. Population/GWAS panel: Apple_fruit_quality_GWAS_Minamikawa_184. Dataset: Apple_fruit_quality_GWAS_Minamikawa_2024. Citation: Minamikawa MF, Kunihisa M, Moriya S, Shimizu T, Inamori M, Iwata H, Genomic prediction and genome-wide association study using combined genotypic data from different genotyping systems: application to apple fruit quality traits, Horticulture Research, Volume 11, Issue 7, 2014 July 8, uhae131",LAR1,LAR1 (Brix),1
GDR_rosaceae.org,Apple_fruit_quality_GWAS_Minamikawa_2024,15437,sugar,Brix,RosBREEDSNP_SNP_AC_1452699_Lg16_MDP0000303483_MAF50_MDP0000303483_exon2,,,4.5897627105583,4.5897627105583,Apple_fruit_quality_GWAS_Minamikawa_184,"GDR GWAS: GWAS0008488. Trait: sugar content (category: sugar). Associated gene: LAR1. GWAS marker: RosBREEDSNP_SNP_AC_1452699_Lg16_MDP0000303483_MAF50_MDP0000303483_exon2. Published symbol: Brix. P-value: 4.5897627105583. Genomic location: MDC018421.263:14854..14854. Reference genome: Malus x domestica Whole Genome v1.0 Assembly & Annotation. Population/GWAS panel: Apple_fruit_quality_GWAS_Minamikawa_184. Dataset: Apple_fruit_quality_GWAS_Minamikawa_2024. Citation: Minamikawa MF, Kunihisa M, Moriya S, Shimizu T, Inamori M, Iwata H, Genomic prediction and genome-wide association study using combined genotypic data from different genotyping systems: application to apple fruit quality traits, Horticulture Research, Volume 11, Issue 7, 2014 July 8, uhae131",LAR1,LAR1 (Brix),1
GDR_rosaceae.org,Apple_fruit_quality_GWAS_Minamikawa_2024,37199,sugar,Brix,RosBREEDSNP_SNP_AC_1452699_Lg16_MDP0000303483_MAF50_MDP0000303483_exon2,,,4.5897627105583,4.5897627105583,Apple_fruit_quality_GWAS_Minamikawa_184,"GDR GWAS: GWAS0008488. Trait: sugar content (category: sugar). Associated gene: MD16G1047400. GWAS marker: RosBREEDSNP_SNP_AC_1452699_Lg16_MDP0000303483_MAF50_MDP0000303483_exon2. Published symbol: Brix. P-value: 4.5897627105583. Genomic location: MDC018421.263:14854..14854. Reference genome: Malus x domestica Whole Genome v1.0 Assembly & Annotation. Population/GWAS panel: Apple_fruit_quality_GWAS_Minamikawa_184. Dataset: Apple_fruit_quality_GWAS_Minamikawa_2024. Citation: Minamikawa MF, Kunihisa M, Moriya S, Shimizu T, Inamori M, Iwata H, Genomic prediction and genome-wide association study using combined genotypic data from different genotyping systems: application to apple fruit quality traits, Horticulture Research, Volume 11, Issue 7, 2014 July 8, uhae131",MD16G1047400,MD16G1047400 (Brix),1
GDR_rosaceae.org,Apple_fruit_quality_GWAS_Minamikawa_2024,37237,sugar,Brix,RosBREEDSNP_SNP_AC_1452699_Lg16_MDP0000303483_MAF50_MDP0000303483_exon2,Chr16,3304530,4.5897627105583,4.5897627105583,Apple_fruit_quality_GWAS_Minamikawa_184,"GDR GWAS: GWAS0008488. Trait: sugar content (category: sugar). Associated gene: LAR1. GWAS marker: RosBREEDSNP_SNP_AC_1452699_Lg16_MDP0000303483_MAF50_MDP0000303483_exon2. Published symbol: Brix. P-value: 4.5897627105583. Genomic location: Chr16:3304530..3304530. Reference genome: Malus x domestica GDDH13 v1.1 Whole Genome Assembly & Annotation. Population/GWAS panel: Apple_fruit_quality_GWAS_Minamikawa_184. Dataset: Apple_fruit_quality_GWAS_Minamikawa_2024. Citation: Minamikawa MF, Kunihisa M, Moriya S, Shimizu T, Inamori M, Iwata H, Genomic prediction and genome-wide association study using combined genotypic data from different genotyping systems: application to apple fruit quality traits, Horticulture Research, Volume 11, Issue 7, 2014 July 8, uhae131",LAR1,LAR1 (Brix),1
GDR_rosaceae.org,Apple_fruit_quality_GWAS_Minamikawa_2024,38431,sugar,Brix,RosBREEDSNP_SNP_AC_1452699_Lg16_MDP0000303483_MAF50_MDP0000303483_exon2,Chr16,3304530,4.5897627105583,4.5897627105583,Apple_fruit_quality_GWAS_Minamikawa_184,"GDR GWAS: GWAS0008488. Trait: sugar content (category: sugar). Associated gene: MD16G1047400. GWAS marker: RosBREEDSNP_SNP_AC_1452699_Lg16_MDP0000303483_MAF50_MDP0000303483_exon2. Published symbol: Brix. P-value: 4.5897627105583. Genomic location: Chr16:3304530..3304530. Reference genome: Malus x domestica GDDH13 v1.1 Whole Genome Assembly & Annotation. Population/GWAS panel: Apple_fruit_quality_GWAS_Minamikawa_184. Dataset: Apple_fruit_quality_GWAS_Minamikawa_2024. Citation: Minamikawa MF, Kunihisa M, Moriya S, Shimizu T, Inamori M, Iwata H, Genomic prediction and genome-wide association study using combined genotypic data from different genotyping systems: application to apple fruit quality traits, Horticulture Research, Volume 11, Issue 7, 2014 July 8, uhae131",MD16G1047400,MD16G1047400 (Brix),1
GDR_rosaceae.org,Apple_fruit_quality_GWAS_Minamikawa_2024,12831,sugar,Brix,RosBREEDSNP_SNP_TC_1496083_Lg16_LAR1_MAF30_MDP0000279135_exon2,,,4.5623987031774,4.5623987031774,Apple_fruit_quality_GWAS_Minamikawa_184,"GDR GWAS: GWAS0008489. Trait: sugar content (category: sugar). Associated gene: MD16G1048000. GWAS marker: RosBREEDSNP_SNP_TC_1496083_Lg16_LAR1_MAF30_MDP0000279135_exon2. Published symbol: Brix. P-value: 4.5623987031774. Genomic location: MDC013067.238:455..455. Reference genome: Malus x domestica Whole Genome v1.0 Assembly & Annotation. Population/GWAS panel: Apple_fruit_quality_GWAS_Minamikawa_184. Dataset: Apple_fruit_quality_GWAS_Minamikawa_2024. Citation: Minamikawa MF, Kunihisa M, Moriya S, Shimizu T, Inamori M, Iwata H, Genomic prediction and genome-wide association study using combined genotypic data from different genotyping systems: application to apple fruit quality traits, Horticulture Research, Volume 11, Issue 7, 2014 July 8, uhae131",MD16G1048000,MD16G1048000 (Brix),1
GDR_rosaceae.org,Apple_fruit_quality_GWAS_Minamikawa_2024,14830,sugar,Brix,RosBREEDSNP_SNP_TC_1496083_Lg16_LAR1_MAF30_MDP0000279135_exon2,Chr16,3349987,4.5623987031774,4.5623987031774,Apple_fruit_quality_GWAS_Minamikawa_184,"GDR GWAS: GWAS0008489. Trait: sugar content (category: sugar). Associated gene: MD16G1048000. GWAS marker: RosBREEDSNP_SNP_TC_1496083_Lg16_LAR1_MAF30_MDP0000279135_exon2. Published symbol: Brix. P-value: 4.5623987031774. Genomic location: Chr16:3349987..3349987. Reference genome: Malus x domestica GDDH13 v1.1 Whole Genome Assembly & Annotation. Population/GWAS panel: Apple_fruit_quality_GWAS_Minamikawa_184. Dataset: Apple_fruit_quality_GWAS_Minamikawa_2024. Citation: Minamikawa MF, Kunihisa M, Moriya S, Shimizu T, Inamori M, Iwata H, Genomic prediction and genome-wide association study using combined genotypic data from different genotyping systems: application to apple fruit quality traits, Horticulture Research, Volume 11, Issue 7, 2014 July 8, uhae131",MD16G1048000,MD16G1048000 (Brix),1
GDR_rosaceae.org,Apple_fruit_quality_GWAS_Minamikawa_2024,21850,sugar,Brix,RosBREEDSNP_SNP_TC_1496083_Lg16_LAR1_MAF30_MDP0000279135_exon2,Chr16,3349986,4.5623987031774,4.5623987031774,Apple_fruit_quality_GWAS_Minamikawa_184,"GDR GWAS: GWAS0008489. Trait: sugar content (category: sugar). Associated gene: MD16G1048000. GWAS marker: RosBREEDSNP_SNP_TC_1496083_Lg16_LAR1_MAF30_MDP0000279135_exon2. Published symbol: Brix. P-value: 4.5623987031774. Genomic location: Chr16:3349986..3349986. Reference genome: Malus x domestica GDDH13 v1.1 Whole Genome Assembly & Annotation. Population/GWAS panel: Apple_fruit_quality_GWAS_Minamikawa_184. Dataset: Apple_fruit_quality_GWAS_Minamikawa_2024. Citation: Minamikawa MF, Kunihisa M, Moriya S, Shimizu T, Inamori M, Iwata H, Genomic prediction and genome-wide association study using combined genotypic data from different genotyping systems: application to apple fruit quality traits, Horticulture Research, Volume 11, Issue 7, 2014 July 8, uhae131",MD16G1048000,MD16G1048000 (Brix),1
GDR_rosaceae.org,Apple_fruit_quality_GWAS_Minamikawa_2024,2168,sugar,Brix,SNP_FB_0335523,Chr16,3157765,4.5505785522169,4.5505785522169,Apple_fruit_quality_GWAS_Minamikawa_184,"GDR GWAS: GWAS0008482. Trait: sugar content (category: sugar). Associated gene: MD16G1044600. GWAS marker: SNP_FB_0335523. Published symbol: Brix. P-value: 4.5505785522169. Genomic location: Chr16:3157765..3157765. Reference genome: Malus x domestica GDDH13 v1.1 Whole Genome Assembly & Annotation. Population/GWAS panel: Apple_fruit_quality_GWAS_Minamikawa_184. Dataset: Apple_fruit_quality_GWAS_Minamikawa_2024. Citation: Minamikawa MF, Kunihisa M, Moriya S, Shimizu T, Inamori M, Iwata H, Genomic prediction and genome-wide association study using combined genotypic data from different genotyping systems: application to apple fruit quality traits, Horticulture Research, Volume 11, Issue 7, 2014 July 8, uhae131",MD16G1044600,MD16G1044600 (Brix),1
GDR_rosaceae.org,Apple_fruit_quality_GWAS_Minamikawa_2024,30989,sugar,Brix,SNP_FB_0335523,Chr16,3157710,4.5505785522169,4.5505785522169,Apple_fruit_quality_GWAS_Minamikawa_184,"GDR GWAS: GWAS0008482. Trait: sugar content (category: sugar). Associated gene: MD16G1044600. GWAS marker: SNP_FB_0335523. Published symbol: Brix. P-value: 4.5505785522169. Genomic location: Chr16:3157710..3157710. Reference genome: Malus x domestica GDDH13 v1.1 Whole Genome Assembly & Annotation. Population/GWAS panel: Apple_fruit_quality_GWAS_Minamikawa_184. Dataset: Apple_fruit_quality_GWAS_Minamikawa_2024. Citation: Minamikawa MF, Kunihisa M, Moriya S, Shimizu T, Inamori M, Iwata H, Genomic prediction and genome-wide association study using combined genotypic data from different genotyping systems: application to apple fruit quality traits, Horticulture Research, Volume 11, Issue 7, 2014 July 8, uhae131",MD16G1044600,MD16G1044600 (Brix),1
GDR_rosaceae.org,Apple_fruit_quality_GWAS_Minamikawa_2024,2486,sugar,Brix,RosBREEDSNP_SNP_TC_1336185_Lg16_01600_MAF40_162269_exon1,Chr16,3157480,4.5124488860367,4.5124488860367,Apple_fruit_quality_GWAS_Minamikawa_184,"GDR GWAS: GWAS0008481. Trait: sugar content (category: sugar). Associated gene: MD16G1044600. GWAS marker: RosBREEDSNP_SNP_TC_1336185_Lg16_01600_MAF40_162269_exon1. Published symbol: Brix. P-value: 4.5124488860367. Genomic location: Chr16:3157480..3157480. Reference genome: Malus x domestica GDDH13 v1.1 Whole Genome Assembly & Annotation. Population/GWAS panel: Apple_fruit_quality_GWAS_Minamikawa_184. Dataset: Apple_fruit_quality_GWAS_Minamikawa_2024. Citation: Minamikawa MF, Kunihisa M, Moriya S, Shimizu T, Inamori M, Iwata H, Genomic prediction and genome-wide association study using combined genotypic data from different genotyping systems: application to apple fruit quality traits, Horticulture Research, Volume 11, Issue 7, 2014 July 8, uhae131",MD16G1044600,MD16G1044600 (Brix),1
GDR_rosaceae.org,Apple_fruit_quality_GWAS_Minamikawa_2024,14365,sugar,Brix,RosBREEDSNP_SNP_TC_1336185_Lg16_01600_MAF40_162269_exon1,Chr16,3157479,4.5124488860367,4.5124488860367,Apple_fruit_quality_GWAS_Minamikawa_184,"GDR GWAS: GWAS0008481. Trait: sugar content (category: sugar). Associated gene: MD16G1044600. GWAS marker: RosBREEDSNP_SNP_TC_1336185_Lg16_01600_MAF40_162269_exon1. Published symbol: Brix. P-value: 4.5124488860367. Genomic location: Chr16:3157479..3157479. Reference genome: Malus x domestica GDDH13 v1.1 Whole Genome Assembly & Annotation. Population/GWAS panel: Apple_fruit_quality_GWAS_Minamikawa_184. Dataset: Apple_fruit_quality_GWAS_Minamikawa_2024. Citation: Minamikawa MF, Kunihisa M, Moriya S, Shimizu T, Inamori M, Iwata H, Genomic prediction and genome-wide association study using combined genotypic data from different genotyping systems: application to apple fruit quality traits, Horticulture Research, Volume 11, Issue 7, 2014 July 8, uhae131",MD16G1044600,MD16G1044600 (Brix),1
GDR_rosaceae.org,Apple_fruit_quality_GWAS_Minamikawa_2024,31540,sugar,Brix,RosBREEDSNP_SNP_TC_1336185_Lg16_01600_MAF40_162269_exon1,,,4.5124488860367,4.5124488860367,Apple_fruit_quality_GWAS_Minamikawa_184,"GDR GWAS: GWAS0008481. Trait: sugar content (category: sugar). Associated gene: MD16G1044600. GWAS marker: RosBREEDSNP_SNP_TC_1336185_Lg16_01600_MAF40_162269_exon1. Published symbol: Brix. P-value: 4.5124488860367. Genomic location: MDC018695.28:17187..17187. Reference genome: Malus x domestica Whole Genome v1.0 Assembly & Annotation. Population/GWAS panel: Apple_fruit_quality_GWAS_Minamikawa_184. Dataset: Apple_fruit_quality_GWAS_Minamikawa_2024. Citation: Minamikawa MF, Kunihisa M, Moriya S, Shimizu T, Inamori M, Iwata H, Genomic prediction and genome-wide association study using combined genotypic data from different genotyping systems: application to apple fruit quality traits, Horticulture Research, Volume 11, Issue 7, 2014 July 8, uhae131",MD16G1044600,MD16G1044600 (Brix),1
GDR_rosaceae.org,Apple_fruit_quality_GWAS_Minamikawa_2024,14995,sugar,Brix,RosBREEDSNP_SNP_AG_1538074_Lg16_LAR1_MAF40_751854_exon1,,,4.5060699596527,4.5060699596527,Apple_fruit_quality_GWAS_Minamikawa_184,"GDR GWAS: GWAS0008492. Trait: sugar content (category: sugar). Associated gene: MD16G1048500. GWAS marker: RosBREEDSNP_SNP_AG_1538074_Lg16_LAR1_MAF40_751854_exon1. Published symbol: Brix. P-value: 4.5060699596527. Genomic location: MDC015897.278:11786..11786. Reference genome: Malus x domestica Whole Genome v1.0 Assembly & Annotation. Population/GWAS panel: Apple_fruit_quality_GWAS_Minamikawa_184. Dataset: Apple_fruit_quality_GWAS_Minamikawa_2024. Citation: Minamikawa MF, Kunihisa M, Moriya S, Shimizu T, Inamori M, Iwata H, Genomic prediction and genome-wide association study using combined genotypic data from different genotyping systems: application to apple fruit quality traits, Horticulture Research, Volume 11, Issue 7, 2014 July 8, uhae131",MD16G1048500,MD16G1048500 (Brix),1
GDR_rosaceae.org,Apple_fruit_quality_GWAS_Minamikawa_2024,21045,sugar,Brix,RosBREEDSNP_SNP_AG_1538074_Lg16_LAR1_MAF40_751854_exon1,Chr16,3407284,4.5060699596527,4.5060699596527,Apple_fruit_quality_GWAS_Minamikawa_184,"GDR GWAS: GWAS0008492. Trait: sugar content (category: sugar). Associated gene: MD16G1048500. GWAS marker: RosBREEDSNP_SNP_AG_1538074_Lg16_LAR1_MAF40_751854_exon1. Published symbol: Brix. P-value: 4.5060699596527. Genomic location: Chr16:3407284..3407284. Reference genome: Malus x domestica GDDH13 v1.1 Whole Genome Assembly & Annotation. Population/GWAS panel: Apple_fruit_quality_GWAS_Minamikawa_184. Dataset: Apple_fruit_quality_GWAS_Minamikawa_2024. Citation: Minamikawa MF, Kunihisa M, Moriya S, Shimizu T, Inamori M, Iwata H, Genomic prediction and genome-wide association study using combined genotypic data from different genotyping systems: application to apple fruit quality traits, Horticulture Research, Volume 11, Issue 7, 2014 July 8, uhae131",MD16G1048500,MD16G1048500 (Brix),1
GDR_rosaceae.org,Apple_fruit_quality_GWAS_Minamikawa_2024,1968,sugar,Brix,RosBREEDSNP_SNP_AC_1301926_Lg16_01600_MAF50_1683802_exon2,,,4.5013455316578,4.5013455316578,Apple_fruit_quality_GWAS_Minamikawa_184,"GDR GWAS: GWAS0008480. Trait: sugar content (category: sugar). Associated gene: MD16G1044000. GWAS marker: RosBREEDSNP_SNP_AC_1301926_Lg16_01600_MAF50_1683802_exon2. Published symbol: Brix. P-value: 4.5013455316578. Genomic location: MDC000532.669:11571..11571. Reference genome: Malus x domestica Whole Genome v1.0 Assembly & Annotation. Population/GWAS panel: Apple_fruit_quality_GWAS_Minamikawa_184. Dataset: Apple_fruit_quality_GWAS_Minamikawa_2024. Citation: Minamikawa MF, Kunihisa M, Moriya S, Shimizu T, Inamori M, Iwata H, Genomic prediction and genome-wide association study using combined genotypic data from different genotyping systems: application to apple fruit quality traits, Horticulture Research, Volume 11, Issue 7, 2014 July 8, uhae131",MD16G1044000,MD16G1044000 (Brix),1
GDR_rosaceae.org,Apple_fruit_quality_GWAS_Minamikawa_2024,25655,sugar,Brix,RosBREEDSNP_SNP_AC_1301926_Lg16_01600_MAF50_1683802_exon2,Chr16,3130006,4.5013455316578,4.5013455316578,Apple_fruit_quality_GWAS_Minamikawa_184,"GDR GWAS: GWAS0008480. Trait: sugar content (category: sugar). Associated gene: MD16G1044000. GWAS marker: RosBREEDSNP_SNP_AC_1301926_Lg16_01600_MAF50_1683802_exon2. Published symbol: Brix. P-value: 4.5013455316578. Genomic location: Chr16:3130006..3130006. Reference genome: Malus x domestica GDDH13 v1.1 Whole Genome Assembly & Annotation. Population/GWAS panel: Apple_fruit_quality_GWAS_Minamikawa_184. Dataset: Apple_fruit_quality_GWAS_Minamikawa_2024. Citation: Minamikawa MF, Kunihisa M, Moriya S, Shimizu T, Inamori M, Iwata H, Genomic prediction and genome-wide association study using combined genotypic data from different genotyping systems: application to apple fruit quality traits, Horticulture Research, Volume 11, Issue 7, 2014 July 8, uhae131",MD16G1044000,MD16G1044000 (Brix),1
GDR_rosaceae.org,Apple_fruit_quality_GWAS_Minamikawa_2024,2415,sugar,Brix,RosBREEDSNP_SNP_CT_1540624_Lg16_LAR1_MAF40_1618769_exon2,,,4.4667369567419,4.4667369567419,Apple_fruit_quality_GWAS_Minamikawa_184,"GDR GWAS: GWAS0008493. Trait: sugar content (category: sugar). Associated gene: MD16G1048500. GWAS marker: RosBREEDSNP_SNP_CT_1540624_Lg16_LAR1_MAF40_1618769_exon2. Published symbol: Brix. P-value: 4.4667369567419. Genomic location: MDC015897.278:14336..14336. Reference genome: Malus x domestica Whole Genome v1.0 Assembly & Annotation. Population/GWAS panel: Apple_fruit_quality_GWAS_Minamikawa_184. Dataset: Apple_fruit_quality_GWAS_Minamikawa_2024. Citation: Minamikawa MF, Kunihisa M, Moriya S, Shimizu T, Inamori M, Iwata H, Genomic prediction and genome-wide association study using combined genotypic data from different genotyping systems: application to apple fruit quality traits, Horticulture Research, Volume 11, Issue 7, 2014 July 8, uhae131",MD16G1048500,MD16G1048500 (Brix),1
GDR_rosaceae.org,Apple_fruit_quality_GWAS_Minamikawa_2024,12187,sugar,Brix,RosBREEDSNP_SNP_CT_1540624_Lg16_LAR1_MAF40_1618769_exon2,Chr16,3409834,4.4667369567419,4.4667369567419,Apple_fruit_quality_GWAS_Minamikawa_184,"GDR GWAS: GWAS0008493. Trait: sugar content (category: sugar). Associated gene: MD16G1048500. GWAS marker: RosBREEDSNP_SNP_CT_1540624_Lg16_LAR1_MAF40_1618769_exon2. Published symbol: Brix. P-value: 4.4667369567419. Genomic location: Chr16:3409834..3409834. Reference genome: Malus x domestica GDDH13 v1.1 Whole Genome Assembly & Annotation. Population/GWAS panel: Apple_fruit_quality_GWAS_Minamikawa_184. Dataset: Apple_fruit_quality_GWAS_Minamikawa_2024. Citation: Minamikawa MF, Kunihisa M, Moriya S, Shimizu T, Inamori M, Iwata H, Genomic prediction and genome-wide association study using combined genotypic data from different genotyping systems: application to apple fruit quality traits, Horticulture Research, Volume 11, Issue 7, 2014 July 8, uhae131",MD16G1048500,MD16G1048500 (Brix),1
GDR_rosaceae.org,Apple_fruit_quality_GWAS_Minamikawa_2024,3147,sugar,Brix,SNP_FB_0918389,Chr16,3059544,4.4392024041205,4.4392024041205,Apple_fruit_quality_GWAS_Minamikawa_184,"GDR GWAS: GWAS0008479. Trait: sugar content (category: sugar). Associated gene: MD16G1043500. GWAS marker: SNP_FB_0918389. Published symbol: Brix. P-value: 4.4392024041205. Genomic location: Chr16:3059544..3059544. Reference genome: Malus x domestica GDDH13 v1.1 Whole Genome Assembly & Annotation. Population/GWAS panel: Apple_fruit_quality_GWAS_Minamikawa_184. Dataset: Apple_fruit_quality_GWAS_Minamikawa_2024. Citation: Minamikawa MF, Kunihisa M, Moriya S, Shimizu T, Inamori M, Iwata H, Genomic prediction and genome-wide association study using combined genotypic data from different genotyping systems: application to apple fruit quality traits, Horticulture Research, Volume 11, Issue 7, 2014 July 8, uhae131",MD16G1043500,MD16G1043500 (Brix),1
GDR_rosaceae.org,Apple_fruit_quality_GWAS_Minamikawa_2024,9381,sugar,Brix,RosBREEDSNP_SNP_TC_1571002_Lg16_01734_MAF40_216397_exon1,Chr16,3439691,4.410085590504,4.410085590504,Apple_fruit_quality_GWAS_Minamikawa_184,"GDR GWAS: GWAS0008494. Trait: sugar content (category: sugar). Associated gene: MD16G1048900. GWAS marker: RosBREEDSNP_SNP_TC_1571002_Lg16_01734_MAF40_216397_exon1. Published symbol: Brix. P-value: 4.410085590504. Genomic location: Chr16:3439691..3439691. Reference genome: Malus x domestica GDDH13 v1.1 Whole Genome Assembly & Annotation. Population/GWAS panel: Apple_fruit_quality_GWAS_Minamikawa_184. Dataset: Apple_fruit_quality_GWAS_Minamikawa_2024. Citation: Minamikawa MF, Kunihisa M, Moriya S, Shimizu T, Inamori M, Iwata H, Genomic prediction and genome-wide association study using combined genotypic data from different genotyping systems: application to apple fruit quality traits, Horticulture Research, Volume 11, Issue 7, 2014 July 8, uhae131",MD16G1048900,MD16G1048900 (Brix),1
GDR_rosaceae.org,Apple_fruit_quality_GWAS_Minamikawa_2024,34331,sugar,Brix,RosBREEDSNP_SNP_TC_1571002_Lg16_01734_MAF40_216397_exon1,Chr16,3439690,4.410085590504,4.410085590504,Apple_fruit_quality_GWAS_Minamikawa_184,"GDR GWAS: GWAS0008494. Trait: sugar content (category: sugar). Associated gene: MD16G1048900. GWAS marker: RosBREEDSNP_SNP_TC_1571002_Lg16_01734_MAF40_216397_exon1. Published symbol: Brix. P-value: 4.410085590504. Genomic location: Chr16:3439690..3439690. Reference genome: Malus x domestica GDDH13 v1.1 Whole Genome Assembly & Annotation. Population/GWAS panel: Apple_fruit_quality_GWAS_Minamikawa_184. Dataset: Apple_fruit_quality_GWAS_Minamikawa_2024. Citation: Minamikawa MF, Kunihisa M, Moriya S, Shimizu T, Inamori M, Iwata H, Genomic prediction and genome-wide association study using combined genotypic data from different genotyping systems: application to apple fruit quality traits, Horticulture Research, Volume 11, Issue 7, 2014 July 8, uhae131",MD16G1048900,MD16G1048900 (Brix),1
GDR_rosaceae.org,Apple_fruit_quality_GWAS_Minamikawa_2024,51088,sugar,Brix,RosBREEDSNP_SNP_TC_1571002_Lg16_01734_MAF40_216397_exon1,,,4.410085590504,4.410085590504,Apple_fruit_quality_GWAS_Minamikawa_184,"GDR GWAS: GWAS0008494. Trait: sugar content (category: sugar). Associated gene: MD16G1048900. GWAS marker: RosBREEDSNP_SNP_TC_1571002_Lg16_01734_MAF40_216397_exon1. Published symbol: Brix. P-value: 4.410085590504. Genomic location: MDC002276.243:2890..2890. Reference genome: Malus x domestica Whole Genome v1.0 Assembly & Annotation. Population/GWAS panel: Apple_fruit_quality_GWAS_Minamikawa_184. Dataset: Apple_fruit_quality_GWAS_Minamikawa_2024. Citation: Minamikawa MF, Kunihisa M, Moriya S, Shimizu T, Inamori M, Iwata H, Genomic prediction and genome-wide association study using combined genotypic data from different genotyping systems: application to apple fruit quality traits, Horticulture Research, Volume 11, Issue 7, 2014 July 8, uhae131",MD16G1048900,MD16G1048900 (Brix),1
GDR_rosaceae.org,Apple_fruit_quality_GWAS_Minamikawa_2024,41404,sugar,Brix,SNP_FB_0918384,Chr16,3058547,4.3925007785428,4.3925007785428,Apple_fruit_quality_GWAS_Minamikawa_184,"GDR GWAS: GWAS0008478. Trait: sugar content (category: sugar). Associated gene: MD16G1043500. GWAS marker: SNP_FB_0918384. Published symbol: Brix. P-value: 4.3925007785428. Genomic location: Chr16:3058547..3058547. Reference genome: Malus x domestica GDDH13 v1.1 Whole Genome Assembly & Annotation. Population/GWAS panel: Apple_fruit_quality_GWAS_Minamikawa_184. Dataset: Apple_fruit_quality_GWAS_Minamikawa_2024. Citation: Minamikawa MF, Kunihisa M, Moriya S, Shimizu T, Inamori M, Iwata H, Genomic prediction and genome-wide association study using combined genotypic data from different genotyping systems: application to apple fruit quality traits, Horticulture Research, Volume 11, Issue 7, 2014 July 8, uhae131",MD16G1043500,MD16G1043500 (Brix),1
